{
  "train_loss": [
    4.504823612130207,
    3.5837789981261543,
    3.5222868193750796,
    3.462689809177233,
    3.4201042963110884,
    3.380402870800184,
    3.3090820986291636,
    3.260354192360588,
    3.2248602483583535,
    3.184035239012345
  ],
  "val_loss": [
    3.5766502255978794,
    3.532426709714143,
    3.4551532372184424,
    3.411771421847136,
    3.3738228549127993,
    3.3069578150044316,
    3.2388549887615703,
    3.213781232419221,
    3.1701597545457925,
    3.138057045314623
  ],
  "train_acc": [
    0.03702445652173913,
    0.04517663043478261,
    0.05298913043478261,
    0.07235054347826086,
    0.06385869565217392,
    0.08355978260869565,
    0.09442934782608696,
    0.09307065217391304,
    0.10767663043478261,
    0.11786684782608696
  ],
  "val_acc": [
    0.04076086956521739,
    0.057065217391304345,
    0.07065217391304347,
    0.06385869565217392,
    0.09103260869565218,
    0.08559782608695653,
    0.10326086956521739,
    0.10733695652173914,
    0.11141304347826086,
    0.11548913043478261
  ]
}