{
  "train_acc_last": 0.11786684782608696,
  "val_acc_best": 0.11548913043478261,
  "test_acc": 0.12346688470973018,
  "test_loss": 3.1538447925653923,
  "training_time_sec": 164.5785276889801
}