{
  "train_loss": [
    3.592734054378841,
    3.3821389571480127,
    3.215338372665903,
    2.8772378874861677,
    2.28770767994549,
    1.4463748582031415,
    0.6124323379734288,
    0.22241780708503464
  ],
  "val_loss": [
    3.4610465298528257,
    3.391904820566592,
    3.2837012747059697,
    3.230689846951029,
    3.4748690957608432,
    4.261949559916621,
    5.534941320833952,
    7.321119163347327
  ],
  "train_acc": [
    0.044497282608695655,
    0.08084239130434782,
    0.11922554347826086,
    0.21671195652173914,
    0.36039402173913043,
    0.5733695652173914,
    0.8220108695652174,
    0.9381793478260869
  ],
  "val_acc": [
    0.07201086956521739,
    0.08016304347826086,
    0.10461956521739131,
    0.13043478260869565,
    0.125,
    0.12907608695652173,
    0.14266304347826086,
    0.13994565217391305
  ]
}