{
  "train_acc_last": 0.9381793478260869,
  "val_acc_best": 0.14266304347826086,
  "test_acc": 0.11420005451076587,
  "test_loss": 5.947964443436563,
  "training_time_sec": 118.10830736160278
}