{
  "train_loss": [
    2.3707681142765544,
    0.9276909828186035,
    0.5405286064614421,
    0.3341973812683769,
    0.23062387789073197,
    0.16477038857081663,
    0.12638196251962497,
    0.07755801551367926
  ],
  "val_loss": [
    1.2174110956813977,
    0.9202129270719446,
    0.8730675163476364,
    0.7410577276478643,
    0.7595342630925386,
    0.7825864138810531,
    0.7667209480119788,
    0.7309007696483446
  ],
  "train_acc": [
    0.3811141304347826,
    0.75,
    0.8614130434782609,
    0.9225543478260869,
    0.9456521739130435,
    0.962296195652174,
    0.9735054347826086,
    0.9860733695652174
  ],
  "val_acc": [
    0.6766304347826086,
    0.7282608695652174,
    0.7350543478260869,
    0.7717391304347826,
    0.7649456521739131,
    0.7717391304347826,
    0.7635869565217391,
    0.7934782608695652
  ]
}