{
  "train_acc_last": 0.9860733695652174,
  "val_acc_best": 0.7934782608695652,
  "test_acc": 0.7735077677841373,
  "test_loss": 0.7841538420471452,
  "training_time_sec": 130.45540642738342
}